"Model","Accuracy","Standard Deviation","Gains","Total Time","Training Time (1,000 Rows)","Scoring Time (1,000 Rows)"
"Naive Bayes",0.736318407960199,0.01084303219786764,0.0,47496.0,21.899886234357226,394.95200853181655
"Generalized Linear Model",0.799502487562189,0.011480577869864216,254.0,38328.0,61.00682593856655,197.65375044436544
"Logistic Regression",0.7980099502487562,0.01606356645866989,248.0,35614.0,22.468714448236632,192.32136509065057
"Fast Large Margin",0.7592039800995025,0.007123294061319598,92.0,49098.0,183.1626848691695,205.1190899395663
"Deep Learning",0.7706467661691543,0.005938973326515242,138.0,63898.0,506.8259385665529,250.97760398151442
"Decision Tree",0.7456520390565874,0.013843304362466353,44.0,36244.0,7.679180887372014,196.58727337362248
"Random Forest",0.7860696517412935,0.01785161703284767,228.0,449218.0,75.93856655290102,1825.0977603981514
"Gradient Boosted Trees",0.7875621890547263,0.007166597159650748,206.0,85393.0,99.68714448236632,252.3995734091717
